{"stats":{"minecraft:killed_by":{"minecraft:vex":1},"minecraft:mined":{"minecraft:dark_oak_planks":5,"minecraft:white_bed":1,"minecraft:spruce_planks":4,"minecraft:cobblestone_stairs":1,"sophisticatedbackpacks:gold_backpack":1,"minecraft:obsidian":10,"minecraft:cave_vines_plant":1,"minecraft:granite":19,"minecraft:grass_block":29,"minecraft:deepslate_bricks":3,"minecraft:coal_block":9,"minecraft:soul_soil":1,"minecraft:spawner":42,"minecraft:raw_iron_block":1,"minecraft:glowstone":33,"minecraft:mossy_cobblestone_stairs":1,"minecraft:iron_ore":139,"minecraft:fire":2,"minecraft:cobbled_deepslate":2,"minecraft:pumpkin":1,"minecraft:anvil":1,"minecraft:deepslate_lapis_ore":13,"minecraft:cave_vines":2,"minecraft:deepslate_brick_stairs":3,"minecraft:stripped_mangrove_wood":4,"minecraft:spruce_slab":1,"minecraft:waxed_cut_copper":1,"minecraft:deepslate_redstone_ore":23,"minecraft:polished_deepslate_stairs":1,"minecraft:clay":14,"minecraft:torch":6,"minecraft:blast_furnace":2,"minecraft:poppy":5,"minecraft:calcite":3,"minecraft:nether_brick_slab":2,"minecraft:cobblestone":32,"minecraft:oak_planks":16,"minecraft:sugar_cane":5,"minecraft:grindstone":1,"minecraft:wall_torch":3,"minecraft:light_gray_wool":3,"minecraft:stone_brick_stairs":1,"minecraft:grass":18,"minecraft:dirt":59,"minecraft:raw_copper_block":2,"minecraft:polished_deepslate_wall":2,"minecraft:deepslate":455,"iceandfire:lightning_lily":1,"twilightforest:firefly":1,"minecraft:diamond_ore":2,"minecraft:tuff":46,"iceandfire:silver_ore":14,"minecraft:mossy_cobblestone":3,"minecraft:deepslate_diamond_ore":18,"minecraft:dark_oak_log":1,"minecraft:moss_block":3,"minecraft:hay_block":89,"dynamictrees:oak_leaves":2,"minecraft:furnace":15,"minecraft:acacia_wood":7,"minecraft:andesite":17,"twilightforest:twilight_oak_leaves":2,"minecraft:gold_block":2,"minecraft:polished_deepslate":1,"minecraft:bookshelf":6,"minecraft:potatoes":5,"minecraft:shroomlight":4,"minecraft:deepslate_iron_ore":67,"minecraft:stone":303,"minecraft:stripped_dark_oak_log":2,"minecraft:dandelion":4,"minecraft:crafting_table":2,"minecraft:lectern":1,"twilightforest:nagastone":2,"minecraft:copper_ore":29,"minecraft:tall_grass":4,"minecraft:deepslate_gold_ore":34,"minecraft:lapis_ore":2,"minecraft:spruce_stairs":1,"minecraft:coal_ore":124,"minecraft:gravel":4,"minecraft:dripstone_block":1,"minecraft:cobweb":33,"minecraft:cracked_stone_bricks":1,"minecraft:acacia_planks":9,"minecraft:stripped_acacia_wood":6,"minecraft:stone_bricks":4,"minecraft:polished_andesite":2,"minecraft:gold_ore":19,"minecraft:iron_trapdoor":1,"paraglider:goddess_statue":1,"minecraft:fern":4},"minecraft:used":{"minecraft:poppy":5,"minecraft:shield":20,"minecraft:stone":4,"minecraft:iron_sword":502,"minecraft:rotten_flesh":36,"minecraft:iron_chestplate":1,"minecraft:carrot":30,"minecraft:copper_ore":1,"minecraft:written_book":1,"minecraft:furnace":15,"minecraft:potato":20,"fabledweaponry:longbow_iron":45,"minecraft:diamond_boots":1,"minecraft:oak_planks":146,"minecraft:stone_pickaxe":66,"minecraft:wooden_pickaxe":22,"minecraft:diamond_axe":207,"minecraft:golden_apple":10,"minecraft:white_wool":4,"minecraft:glow_berries":4,"minecraft:blast_furnace":1,"minecraft:bread":331,"minecraft:wooden_sword":4,"minecraft:cobweb":26,"fabledweaponry:scimitar_iron":29,"minecraft:cooked_salmon":3,"minecraft:cooked_chicken":2,"minecraft:torch":16,"minecraft:dirt":46,"minecraft:anvil":1,"minecraft:granite":15,"minecraft:iron_hoe":91,"minecraft:dark_oak_planks":107,"minecraft:iron_axe":27,"minecraft:totem_of_undying":3,"fabledweaponry:scythe_iron":247,"tombstone:gift":2,"minecraft:cooked_beef":49,"minecraft:cobbled_deepslate":135,"minecraft:acacia_planks":2,"minecraft:iron_leggings":1,"sophisticatedbackpacks:gold_backpack":1,"minecraft:cooked_mutton":13,"minecraft:water_bucket":12,"minecraft:polished_andesite":2,"minecraft:crafting_table":11,"minecraft:spider_eye":3,"minecraft:white_bed":2,"tombstone:bag_of_seeds":1,"minecraft:diamond_pickaxe":1027,"minecraft:apple":41,"minecraft:diamond_shovel":61,"twilightforest:firefly":1,"minecraft:iron_pickaxe":477,"tombstone:magic_scroll":1,"minecraft:stone_axe":14,"fabledweaponry:scythe_diamond":12,"minecraft:cobblestone":264,"minecraft:potion":4,"minecraft:bucket":15,"minecraft:cooked_porkchop":28,"minecraft:splash_potion":1,"minecraft:dandelion":4},"minecraft:crafted":{"minecraft:oak_planks":40,"aether:iron_ring":1,"minecraft:cooked_chicken":2,"sophisticatedbackpacks:anvil_upgrade":1,"sophisticatedbackpacks:crafting_upgrade":1,"minecraft:cooked_mutton":7,"sophisticatedbackpacks:smelting_upgrade":1,"minecraft:hopper":3,"fabledweaponry:longbow_iron":1,"minecraft:diamond_helmet":1,"minecraft:iron_boots":2,"minecraft:raw_copper":18,"minecraft:chest":6,"aether:diamond_gloves":1,"minecraft:wooden_shovel":1,"sophisticatedbackpacks:backpack":1,"minecraft:cooked_porkchop":15,"minecraft:crafting_table":10,"minecraft:wooden_pickaxe":1,"minecraft:iron_helmet":1,"sophisticatedbackpacks:advanced_feeding_upgrade":1,"minecraft:copper_ingot":4,"sophisticatedbackpacks:feeding_upgrade":1,"minecraft:birch_planks":32,"fabledweaponry:scimitar_iron":1,"sophisticatedbackpacks:upgrade_base":6,"minecraft:iron_chestplate":2,"minecraft:wooden_hoe":1,"minecraft:diamond_pickaxe":1,"minecraft:shield":1,"sophisticatedbackpacks:diamond_backpack":1,"minecraft:stick":4,"minecraft:iron_ingot":163,"sophisticatedbackpacks:auto_smelting_upgrade":1,"minecraft:iron_pickaxe":1,"minecraft:iron_block":4,"minecraft:gold_ingot":49,"minecraft:golden_carrot":1,"minecraft:wooden_sword":2,"minecraft:raw_iron":9,"sophisticatedbackpacks:tool_swapper_upgrade":1,"minecraft:furnace":4,"minecraft:diamond_block":1,"minecraft:iron_axe":1,"minecraft:iron_hoe":1,"minecraft:stone_pickaxe":1,"minecraft:diamond_boots":2,"minecraft:dark_oak_planks":24,"aether:iron_pendant":1,"minecraft:wheat":36,"sophisticatedbackpacks:iron_backpack":1,"minecraft:cooked_beef":32,"iceandfire:silver_ingot":18,"sophisticatedbackpacks:advanced_tool_swapper_upgrade":1,"fabledweaponry:scythe_iron":1,"minecraft:cooked_salmon":3,"sophisticatedbackpacks:gold_backpack":1,"minecraft:bucket":4,"minecraft:stone_axe":1,"minecraft:bread":12,"minecraft:air":0,"aether:iron_gloves":2,"minecraft:white_wool":3,"minecraft:golden_apple":1,"minecraft:gold_nugget":9,"minecraft:wooden_axe":1,"minecraft:iron_leggings":2,"minecraft:anvil":2,"minecraft:white_bed":1,"minecraft:torch":4,"minecraft:acacia_planks":48,"minecraft:diamond_chestplate":2},"minecraft:custom":{"minecraft:interact_with_crafting_table":92,"minecraft:open_barrel":72,"minecraft:eat_cake_slice":8,"minecraft:leave_game":7,"minecraft:time_since_death":131233,"minecraft:sprint_one_cm":1003333,"minecraft:damage_blocked_by_shield":620,"minecraft:drop":303,"minecraft:play_time":423047,"minecraft:deaths":11,"minecraft:jump":7728,"minecraft:walk_on_water_one_cm":50869,"minecraft:interact_with_furnace":143,"twilightforest:uncrafting_table_interactions":1,"minecraft:sleep_in_bed":4,"minecraft:damage_dealt":56738,"minecraft:crouch_one_cm":87993,"tombstone:undead_killed":110,"minecraft:interact_with_smoker":1,"minecraft:interact_with_anvil":1,"minecraft:mob_kills":318,"minecraft:damage_dealt_resisted":72,"minecraft:climb_one_cm":3747,"minecraft:walk_one_cm":974587,"minecraft:damage_dealt_absorbed":310,"minecraft:sneak_time":23982,"minecraft:walk_under_water_one_cm":54527,"minecraft:interact_with_lectern":1,"minecraft:interact_with_blast_furnace":29,"minecraft:total_world_time":423047,"tombstone:raider_killed":28,"minecraft:time_since_rest":131041,"minecraft:damage_taken":22631,"minecraft:damage_absorbed":475,"minecraft:swim_one_cm":54867,"minecraft:fly_one_cm":2126390,"minecraft:open_chest":94,"minecraft:fall_one_cm":204321},"minecraft:dropped":{"sophisticatedbackpacks:upgrade_base":2,"minecraft:iron_sword":2,"minecraft:acacia_wood":7,"minecraft:candle":1,"minecraft:moss_block":1,"minecraft:stripped_mangrove_wood":4,"minecraft:diamond_axe":1,"minecraft:baked_potato":2,"minecraft:glass_bottle":4,"minecraft:diamond":2,"minecraft:pitcher_pod":5,"minecraft:glow_berries":3,"minecraft:rooted_dirt":2,"minecraft:leather":8,"minecraft:cracked_stone_bricks":1,"iceandfire:ectoplasm":1,"twilightforest:ore_magnet":1,"minecraft:cobblestone_stairs":1,"minecraft:red_carpet":1,"minecraft:item_frame":1,"minecraft:dirt":44,"minecraft:dark_oak_log":2,"irons_spellbooks:hogskin":1,"twilightforest:transformation_powder":5,"fabledweaponry:scimitar_iron":1,"minecraft:mutton":1,"minecraft:gold_nugget":24,"minecraft:wooden_sword":1,"minecraft:glistering_melon_slice":17,"minecraft:iron_pickaxe":11,"minecraft:dark_oak_planks":5,"minecraft:birch_log":5,"minecraft:white_wool":3,"minecraft:gold_ingot":9,"minecraft:bone":5,"minecraft:gravel":3,"minecraft:stone_axe":1,"minecraft:sugar_cane":5,"minecraft:diamond_block":1,"minecraft:polished_andesite_slab":2,"minecraft:iron_nugget":4,"minecraft:golden_chestplate":1,"minecraft:cobbled_deepslate":318,"minecraft:wheat":54,"tombstone:gift":1,"minecraft:pointed_dripstone":3,"paraglider:goddess_statue":1,"minecraft:rotten_flesh":22,"minecraft:oak_planks":198,"minecraft:cooked_mutton":4,"twilightforest:torchberries":2,"minecraft:mangrove_sign":1,"minecraft:chainmail_chestplate":1,"minecraft:chiseled_stone_bricks":1,"twilightforest:cracked_nagastone_pillar":4,"minecraft:melon_seeds":1,"minecraft:chainmail_boots":1,"minecraft:leather_boots":1,"minecraft:ladder":20,"minecraft:painting":1,"minecraft:spruce_slab":2,"minecraft:beef":1,"minecraft:stone_brick_stairs":1,"minecraft:written_book":1,"twilightforest:nagastone_pillar":4,"minecraft:egg":1,"minecraft:enchanted_book":6,"minecraft:iron_ingot":7,"minecraft:wheat_seeds":8,"dynamictrees:birch_seed":3,"minecraft:mossy_cobblestone":2,"minecraft:dripstone_block":1,"twilightforest:filled_magic_map":1,"dynamictrees:dark_oak_seed":1,"twilightforest:ironwood_ingot":5,"minecraft:iron_helmet":3,"minecraft:cobblestone":34,"minecraft:granite":4,"twilightforest:etched_nagastone":6,"minecraft:chainmail_helmet":3,"minecraft:stick":1,"minecraft:polished_andesite":1,"minecraft:deepslate_brick_stairs":4,"minecraft:iron_trapdoor":1,"minecraft:wooden_hoe":1,"minecraft:torch":17,"twilightforest:spiral_bricks":5,"iceandfire:lightning_lily":1,"skilltree:gem":8,"minecraft:rib_armor_trim_smithing_template":1,"tombstone:grave_dust":1,"minecraft:iron_leggings":5,"minecraft:pumpkin":1,"minecraft:polished_andesite_stairs":1,"minecraft:iron_axe":5,"sophisticatedbackpacks:crafting_upgrade":2,"minecraft:mossy_cobblestone_stairs":2,"minecraft:smooth_stone":1,"minecraft:chainmail_leggings":4,"minecraft:string":3,"minecraft:polished_deepslate_wall":4,"tombstone:voodoo_poppet":1,"dynamictrees:acacia_seed":4,"minecraft:acacia_planks":9,"minecraft:polished_deepslate":1,"minecraft:redstone":74,"minecraft:nether_brick_slab":2,"minecraft:stone_sword":1,"minecraft:dark_oak_sign":5,"minecraft:tuff":46,"iceandfire:witherbone":1,"minecraft:clay_ball":108,"minecraft:iron_boots":7,"minecraft:stripped_acacia_wood":6,"minecraft:polished_deepslate_stairs":1,"minecraft:pumpkin_seeds":1,"minecraft:flint_and_steel":2,"minecraft:deepslate_bricks":9,"twilightforest:mossy_etched_nagastone":1,"minecraft:shroomlight":3,"minecraft:shield":9,"aether:iron_gloves":3,"minecraft:bundle":2,"minecraft:waxed_cut_copper":1,"minecraft:spruce_planks":9,"minecraft:diamond_pickaxe":1,"minecraft:iron_chestplate":6,"minecraft:andesite":16,"iceandfire:silver_ingot":18,"minecraft:golden_sword":2,"minecraft:spider_eye":6,"minecraft:stone_bricks":7,"tombstone:essence_of_undeath":1,"minecraft:bow":6,"minecraft:stone_pickaxe":1,"minecraft:wooden_pickaxe":1,"minecraft:calcite":4,"twilightforest:nagastone":2},"minecraft:broken":{"minecraft:diamond_helmet":1,"minecraft:iron_boots":1,"minecraft:diamond_boots":1,"minecraft:iron_sword":1,"aether:iron_gloves":1,"fabledweaponry:scythe_iron":1,"minecraft:leather_boots":1,"minecraft:iron_helmet":1},"minecraft:killed":{"minecraft:cave_spider":3,"minecraft:witch":1,"minecraft:spider":7,"minecraft:skeleton":45,"minecraft:chicken":3,"irons_spellbooks:archevoker":1,"artifacts:mimic":1,"twilightforest:slime_beetle":1,"minecraft:pig":7,"enemyexpansion:ladybug":1,"minecraft:salmon":3,"enemyexpansion:tarantula":1,"twilightforest:skeleton_druid":2,"minecraft:sheep":6,"minecraft:pillager":7,"twilightforest:redcap":19,"enemyexpansion:meature":2,"minecraft:zombie":38,"enemyexpansion:botfly":10,"cave_dweller:cave_dweller":1,"minecraft:cow":16,"minecraft:evoker":2,"minecraft:vex":14,"minecraft:vindicator":18,"enemyexpansion:direwolf":8,"twilightforest:swarm_spider":24,"minecraft:drowned":1,"enemyexpansion:goblin":1,"minecraft:husk":10,"twilightforest:kobold":38,"minecraft:frog":1,"minecraft:hoglin":1,"minecraft:squid":1,"iceandfire:ghost":6,"enemyexpansion:huntsman":2,"tombstone:spectral_wolf":1,"minecraft:wither_skeleton":2,"enemyexpansion:slugger":1},"minecraft:picked_up":{"irons_spellbooks:scroll":1,"minecraft:iron_chestplate":3,"minecraft:wheat":55,"minecraft:chainmail_boots":1,"minecraft:iron_trapdoor":1,"minecraft:anvil":1,"minecraft:stone_brick_stairs":1,"minecraft:golden_sword":1,"minecraft:polished_deepslate_wall":4,"minecraft:polished_deepslate":1,"paraglider:goddess_statue":3,"minecraft:string":99,"minecraft:raw_copper":112,"minecraft:iron_leggings":2,"minecraft:shroomlight":3,"dynamictrees:dark_oak_seed":1,"minecraft:gold_nugget":23,"minecraft:cobbled_deepslate":453,"minecraft:spruce_planks":4,"artifacts:aqua_dashers":1,"minecraft:written_book":1,"minecraft:calcite":4,"minecraft:iron_pickaxe":8,"minecraft:coal_block":9,"minecraft:iron_boots":4,"minecraft:furnace":15,"minecraft:stick":64,"minecraft:polished_deepslate_stairs":1,"minecraft:torch":53,"minecraft:acacia_log":12,"minecraft:porkchop":19,"minecraft:pointed_dripstone":3,"tombstone:grave_dust":12,"iceandfire:lightning_lily":1,"minecraft:stone_sword":1,"minecraft:rotten_flesh":66,"minecraft:waxed_cut_copper":1,"minecraft:deepslate_brick_stairs":4,"minecraft:obsidian":7,"irons_spellbooks:copper_spell_book":1,"minecraft:cobblestone":352,"minecraft:birch_log":14,"minecraft:feather":4,"minecraft:andesite":16,"twilightforest:ore_magnet":1,"minecraft:potato":16,"paraglider:spirit_orb":80,"minecraft:tuff":46,"skilltree:gem":74,"minecraft:lapis_lazuli":79,"minecraft:dirt":92,"minecraft:leather_boots":2,"irons_spellbooks:hogskin":1,"minecraft:bone":63,"minecraft:acacia_planks":8,"minecraft:bow":4,"minecraft:wheat_seeds":8,"minecraft:raw_gold":54,"minecraft:grindstone":1,"minecraft:dark_oak_sign":5,"minecraft:diamond_helmet":3,"minecraft:glowstone_dust":98,"minecraft:moss_block":1,"minecraft:oak_planks":389,"minecraft:cooked_porkchop":10,"minecraft:stripped_acacia_wood":6,"dynamictrees:acacia_seed":4,"minecraft:ink_sac":2,"minecraft:dark_oak_log":34,"minecraft:barrel":1,"minecraft:mossy_cobblestone":2,"twilightforest:mossy_etched_nagastone":1,"minecraft:bundle":3,"minecraft:iron_hoe":1,"minecraft:polished_andesite":3,"minecraft:diamond":27,"minecraft:granite":19,"minecraft:golden_apple":1,"minecraft:chainmail_helmet":3,"minecraft:emerald":9,"minecraft:rooted_dirt":2,"twilightforest:uncrafting_table":1,"twilightforest:torchberries":7,"iceandfire:raw_silver":17,"minecraft:diamond_pickaxe":1,"sophisticatedbackpacks:gold_backpack":1,"minecraft:crafting_table":2,"minecraft:chicken":3,"iceandfire:witherbone":1,"minecraft:ladder":20,"minecraft:clay_ball":108,"minecraft:wooden_pickaxe":1,"minecraft:gold_block":2,"twilightforest:nagastone":2,"minecraft:shield":6,"minecraft:iron_axe":2,"minecraft:wooden_sword":1,"minecraft:flint_and_steel":1,"minecraft:item_frame":1,"minecraft:cracked_stone_bricks":1,"minecraft:candle":1,"minecraft:beef":35,"irons_spellbooks:epic_ink":1,"minecraft:iron_nugget":4,"minecraft:poppy":5,"minecraft:spruce_slab":2,"minecraft:lectern":1,"minecraft:sugar_cane":16,"minecraft:copper_ore":1,"minecraft:raw_copper_block":2,"minecraft:egg":1,"minecraft:raw_iron":207,"minecraft:stripped_mangrove_wood":4,"minecraft:stone":4,"sophisticatedbackpacks:crafting_upgrade":1,"minecraft:mangrove_sign":1,"minecraft:carrot":8,"minecraft:redstone":147,"twilightforest:firefly":1,"minecraft:dark_oak_planks":7,"irons_spellbooks:evocation_rune":1,"minecraft:arrow":90,"minecraft:diamond_chestplate":2,"twilightforest:etched_nagastone":6,"minecraft:diamond_boots":2,"minecraft:deepslate_bricks":9,"minecraft:hay_block":88,"tombstone:essence_of_undeath":2,"minecraft:gold_ingot":7,"minecraft:totem_of_undying":3,"minecraft:glow_berries":3,"minecraft:mutton":11,"minecraft:white_wool":6,"minecraft:salmon":3,"minecraft:leather":21,"minecraft:acacia_wood":7,"minecraft:oak_log":10,"minecraft:chainmail_chestplate":1,"iceandfire:ectoplasm":5,"minecraft:gunpowder":2,"minecraft:cobblestone_stairs":1,"minecraft:red_carpet":1,"fabledweaponry:scythe_iron":2,"minecraft:apple":1,"minecraft:stone_bricks":7,"minecraft:iron_ingot":36,"dynamictrees:birch_seed":3,"minecraft:cobweb":3,"tombstone:bag_of_seeds":1,"minecraft:polished_andesite_slab":2,"minecraft:iron_sword":5,"twilightforest:charm_of_life_1":1,"minecraft:book":18,"minecraft:polished_andesite_stairs":1,"twilightforest:nagastone_pillar":4,"minecraft:pumpkin":1,"minecraft:chiseled_stone_bricks":1,"minecraft:dandelion":4,"minecraft:raw_iron_block":1,"minecraft:dripstone_block":1,"minecraft:gravel":3,"twilightforest:cracked_nagastone_pillar":4,"minecraft:blast_furnace":2,"minecraft:white_bed":1,"minecraft:nether_brick_slab":2,"minecraft:spider_eye":15,"fabledweaponry:scythe_diamond":1,"minecraft:chainmail_leggings":4,"minecraft:iron_helmet":1,"minecraft:diamond_axe":3,"minecraft:painting":1,"minecraft:mossy_cobblestone_stairs":2,"twilightforest:spiral_bricks":5,"minecraft:baked_potato":2,"tombstone:magic_scroll":1,"minecraft:stripped_dark_oak_log":2,"minecraft:coal":261,"minecraft:ender_pearl":1}},"DataVersion":3465}