{"stats":{"minecraft:killed_by":{"minecraft:wither_skeleton":1,"minecraft:hoglin":1},"minecraft:mined":{"minecraft:spruce_planks":16,"minecraft:white_bed":1,"iceandfire:copper_pile":5,"paraglider:rito_goddess_statue":4,"minecraft:brewing_stand":1,"minecraft:obsidian":8,"minecraft:granite":2,"minecraft:chiseled_polished_blackstone":3,"minecraft:grass_block":109,"minecraft:cracked_polished_blackstone_bricks":10,"minecraft:coal_block":1,"minecraft:acacia_pressure_plate":1,"minecraft:gilded_blackstone":2,"minecraft:spawner":34,"editenchanting:enchantment_edit_table":1,"minecraft:polished_blackstone_bricks":17,"minecraft:glowstone":25,"minecraft:cobbled_deepslate":18,"minecraft:iron_ore":16,"minecraft:fire":6,"minecraft:barrel":2,"minecraft:pumpkin":2,"minecraft:deepslate_lapis_ore":5,"minecraft:iron_bars":11,"minecraft:end_stone_bricks":12,"minecraft:spruce_slab":1,"minecraft:deepslate_redstone_ore":2,"minecraft:red_bed":1,"minecraft:blackstone":44,"minecraft:torch":1,"minecraft:melon":18,"minecraft:nether_quartz_ore":27,"minecraft:cobblestone":75,"minecraft:oak_planks":2,"minecraft:wall_torch":12,"dynamictrees:birch_leaves":1,"minecraft:light_gray_wool":2,"minecraft:grass":86,"minecraft:oak_log":3,"minecraft:dirt":229,"minecraft:stripped_birch_wood":7,"minecraft:netherrack":66,"minecraft:deepslate":16,"minecraft:red_carpet":2,"iceandfire:silver_ore":7,"minecraft:mossy_cobblestone":2,"minecraft:deepslate_diamond_ore":21,"minecraft:candle":1,"minecraft:nether_bricks":1,"minecraft:ladder":4,"minecraft:dark_oak_fence":1,"minecraft:jungle_planks":6,"minecraft:crimson_roots":1,"minecraft:hay_block":36,"dynamictrees:oak_leaves":1,"minecraft:andesite":6,"minecraft:stripped_spruce_log":2,"minecraft:gold_block":7,"minecraft:bookshelf":4,"minecraft:deepslate_iron_ore":5,"minecraft:vine":5,"irons_spellbooks:inscription_table":3,"minecraft:stone":235,"minecraft:bone_block":2,"minecraft:stripped_dark_oak_log":2,"minecraft:basalt":1,"minecraft:dandelion":1,"minecraft:crafting_table":5,"minecraft:cornflower":1,"minecraft:tall_grass":23,"minecraft:copper_ore":19,"minecraft:lapis_ore":5,"minecraft:deepslate_gold_ore":8,"minecraft:diorite":17,"minecraft:gray_wool":5,"minecraft:birch_planks":1,"minecraft:coal_ore":114,"minecraft:gravel":21,"minecraft:cracked_stone_bricks":7,"minecraft:acacia_planks":34,"minecraft:stripped_acacia_wood":4,"minecraft:stone_bricks":12,"minecraft:mossy_stone_bricks":5},"minecraft:crafted":{"minecraft:grindstone":1,"minecraft:oak_planks":348,"iceandfire:armor_electric_chestplate":1,"iceandfire:armor_amythest_leggings":1,"minecraft:stone":10,"minecraft:diamond_shovel":1,"fabledweaponry:scythe_stone":1,"minecraft:quartz_block":6,"iceandfire:armor_silver_metal_chestplate":1,"minecraft:diamond_helmet":1,"minecraft:diamond_leggings":2,"iceandfire:armor_silver_metal_leggings":1,"minecraft:chest":14,"minecraft:chiseled_quartz_block":2,"minecraft:stone_hoe":1,"minecraft:gray_bed":1,"minecraft:wooden_shovel":1,"irons_spellbooks:copper_spell_book":2,"minecraft:diamond_axe":1,"minecraft:crafting_table":2,"iceandfire:dragonscale_amythest":1,"minecraft:spruce_planks":4,"minecraft:wooden_pickaxe":2,"minecraft:copper_ingot":4,"minecraft:birch_planks":28,"iceandfire:dragonscales_amythest":9,"minecraft:diamond_pickaxe":1,"minecraft:stick":380,"minecraft:stone_slab":18,"minecraft:iron_ingot":37,"minecraft:iron_block":3,"irons_spellbooks:mana_ring":1,"irons_spellbooks:arcane_ingot":4,"minecraft:oak_door":3,"minecraft:diamond_hoe":1,"iceandfire:dragon_stick":1,"minecraft:furnace":6,"fabledweaponry:scythe_diamond":1,"iceandfire:armor_amythest_helmet":1,"irons_spellbooks:graybeard_staff":1,"minecraft:diamond_block":5,"minecraft:flint_and_steel":1,"minecraft:diamond":18,"fabledweaponry:bulwark_wood":1,"minecraft:ladder":192,"minecraft:stone_pickaxe":2,"minecraft:diamond_boots":2,"minecraft:quartz_slab":12,"minecraft:wheat":225,"editenchanting:enchantment_edit_table":1,"iceandfire:armor_amythest_boots":1,"minecraft:bucket":1,"minecraft:stone_axe":1,"minecraft:glowstone":16,"minecraft:bread":76,"minecraft:air":0,"minecraft:gold_nugget":9,"minecraft:wooden_axe":1,"minecraft:anvil":1,"minecraft:white_bed":1,"minecraft:acacia_planks":120,"minecraft:torch":300,"skilltree:simple_necklace":1,"minecraft:golden_hoe":1,"minecraft:lapis_block":2,"minecraft:diamond_chestplate":1},"minecraft:used":{"irons_spellbooks:inscription_table":3,"minecraft:spruce_slab":1,"minecraft:ladder":113,"minecraft:bone_block":3,"minecraft:chest":14,"minecraft:mutton":1,"minecraft:jungle_planks":5,"minecraft:carrot":11,"minecraft:obsidian":10,"minecraft:stripped_spruce_log":1,"iceandfire:crackled_gravel":4,"iceandfire:armor_silver_metal_leggings":1,"minecraft:stone_bricks":1,"minecraft:furnace":6,"minecraft:gray_bed":1,"minecraft:diorite":105,"minecraft:end_stone_bricks":12,"minecraft:diamond_boots":1,"minecraft:stone_pickaxe":81,"minecraft:oak_planks":62,"minecraft:blackstone":1,"minecraft:wooden_pickaxe":46,"fabledweaponry:scythe_stone":54,"minecraft:chainmail_helmet":1,"tombstone:tablet_of_guard":2,"minecraft:diamond_axe":136,"minecraft:golden_apple":8,"minecraft:golden_hoe":21,"minecraft:crossbow":53,"waystones:waystone":8,"editenchanting:enchantment_edit_table":1,"minecraft:melon_slice":29,"minecraft:bread":18,"dynamictrees:acacia_seed":1,"minecraft:coal_block":1,"minecraft:grindstone":1,"minecraft:andesite":56,"iceandfire:armor_amythest_leggings":1,"minecraft:iron_bars":3,"minecraft:flint_and_steel":5,"minecraft:spruce_planks":14,"minecraft:stripped_birch_wood":2,"minecraft:netherrack":261,"minecraft:oak_door":2,"minecraft:torch":332,"minecraft:dirt":209,"minecraft:anvil":1,"minecraft:diamond_helmet":3,"minecraft:golden_chestplate":1,"minecraft:wooden_axe":3,"minecraft:iron_axe":6,"minecraft:totem_of_undying":1,"minecraft:barrel":1,"minecraft:light_gray_wool":1,"paraglider:rito_goddess_statue":4,"minecraft:glowstone":16,"minecraft:golden_carrot":44,"minecraft:goat_horn":6,"fabledweaponry:bulwark_wood":9,"tombstone:gift":13,"minecraft:cooked_beef":2,"minecraft:cobbled_deepslate":80,"minecraft:acacia_planks":148,"minecraft:pumpkin":15,"minecraft:iron_leggings":2,"minecraft:cooked_mutton":11,"tombstone:scroll_of_mercy":1,"minecraft:water_bucket":1,"minecraft:birch_planks":29,"minecraft:cracked_stone_bricks":4,"minecraft:salmon":1,"minecraft:mossy_cobblestone":2,"minecraft:stripped_dark_oak_log":1,"minecraft:crafting_table":6,"minecraft:red_bed":1,"minecraft:white_bed":2,"iceandfire:armor_silver_metal_chestplate":1,"minecraft:diamond_pickaxe":754,"minecraft:apple":4,"minecraft:diamond_shovel":342,"tombstone:magic_scroll":1,"minecraft:stone_slab":12,"minecraft:stone_axe":82,"minecraft:cobblestone":1238,"minecraft:potion":1,"fabledweaponry:scythe_diamond":159,"minecraft:bucket":2,"iceandfire:armor_electric_chestplate":4,"minecraft:gray_wool":3,"minecraft:diamond_leggings":3,"minecraft:chainmail_leggings":1},"minecraft:custom":{"minecraft:interact_with_crafting_table":101,"minecraft:open_barrel":111,"minecraft:leave_game":10,"minecraft:time_since_death":155439,"minecraft:sprint_one_cm":1267322,"minecraft:damage_blocked_by_shield":515,"minecraft:drop":144,"minecraft:play_time":446794,"minecraft:deaths":13,"tombstone:tomb_raiding":1,"minecraft:jump":10884,"minecraft:walk_on_water_one_cm":47996,"minecraft:interact_with_furnace":77,"minecraft:interact_with_cartography_table":1,"minecraft:sleep_in_bed":9,"minecraft:waystone_activated":9,"minecraft:damage_dealt":29078,"minecraft:crouch_one_cm":66852,"tombstone:undead_killed":103,"minecraft:interact_with_smoker":1,"minecraft:mob_kills":199,"minecraft:interact_with_anvil":25,"minecraft:climb_one_cm":55988,"minecraft:walk_one_cm":915486,"minecraft:damage_dealt_absorbed":160,"minecraft:sneak_time":19614,"minecraft:walk_under_water_one_cm":17083,"minecraft:interact_with_lectern":1,"minecraft:total_world_time":446794,"tombstone:raider_killed":11,"minecraft:interact_with_grindstone":1,"minecraft:time_since_rest":145081,"minecraft:damage_taken":11728,"minecraft:damage_absorbed":216,"minecraft:trigger_trapped_chest":3,"tombstone:cast_on_ally":1,"minecraft:swim_one_cm":54911,"minecraft:fly_one_cm":1813659,"minecraft:open_chest":314,"minecraft:fall_one_cm":326720},"minecraft:dropped":{"minecraft:iron_sword":3,"minecraft:diamond_axe":1,"minecraft:cooked_beef":3,"minecraft:golden_pickaxe":1,"minecraft:ender_pearl":1,"minecraft:diamond":23,"minecraft:crossbow":1,"minecraft:cracked_stone_bricks":6,"paraglider:spirit_orb":2,"minecraft:flint":1,"minecraft:emerald":2,"minecraft:cracked_polished_blackstone_bricks":1,"minecraft:dirt":30,"minecraft:crimson_roots":2,"minecraft:gold_nugget":2,"minecraft:bone_block":1,"minecraft:iron_pickaxe":1,"tombstone:scroll_of_preservation":1,"minecraft:gold_ingot":7,"minecraft:bone":2,"minecraft:gravel":11,"minecraft:chiseled_polished_blackstone":3,"minecraft:stone_axe":1,"minecraft:polished_andesite_slab":1,"minecraft:cobbled_deepslate":64,"minecraft:rotten_flesh":17,"minecraft:oak_planks":24,"minecraft:glowstone_dust":4,"iceandfire:crackled_gravel":1,"minecraft:chainmail_chestplate":2,"minecraft:gunpowder":4,"minecraft:arrow":7,"minecraft:crying_obsidian":4,"iceandfire:armor_copper_metal_leggings":2,"minecraft:netherrack":67,"minecraft:enchanted_book":2,"minecraft:iron_ingot":19,"minecraft:wheat_seeds":74,"minecraft:diamond_leggings":1,"minecraft:cobblestone":79,"minecraft:book":6,"minecraft:acacia_log":1,"minecraft:golden_apple":6,"minecraft:stick":6,"minecraft:polished_andesite":1,"minecraft:diorite":59,"minecraft:golden_carrot":1,"minecraft:ink_sac":2,"minecraft:torch":2,"skilltree:gem":8,"minecraft:diamond_helmet":1,"tombstone:grave_dust":14,"minecraft:iron_leggings":2,"minecraft:polished_andesite_stairs":2,"minecraft:iron_axe":1,"fabledweaponry:scythe_stone":1,"minecraft:acacia_planks":26,"dynamictrees:crimson_seed":1,"irons_spellbooks:copper_spell_book":1,"minecraft:iron_boots":1,"minecraft:stone_slab":27,"minecraft:shield":1,"aether:iron_gloves":1,"minecraft:diamond_chestplate":1,"minecraft:spruce_planks":3,"minecraft:iron_chestplate":1,"minecraft:diamond_pickaxe":1,"minecraft:mossy_stone_bricks":3,"minecraft:spider_eye":1,"minecraft:stone_bricks":1,"minecraft:diamond_boots":1,"minecraft:bow":2,"minecraft:wooden_pickaxe":3,"minecraft:raw_gold":1,"minecraft:quartz_slab":8},"minecraft:killed":{"minecraft:cave_spider":4,"minecraft:zombified_piglin":1,"enemyexpansion:equestrian":1,"minecraft:spider":4,"minecraft:skeleton":24,"creeperoverhaul:cave_creeper":1,"irons_spellbooks:summoned_skeleton":1,"minecraft:piglin_brute":3,"enemyexpansion:vampflyer":2,"minecraft:piglin":10,"minecraft:pig":1,"minecraft:zombie_villager":1,"minecraft:salmon":5,"irons_spellbooks:necromancer":1,"minecraft:creeper":1,"minecraft:sheep":10,"minecraft:trader_llama":1,"minecraft:pillager":5,"enemyexpansion:meature":1,"irons_spellbooks:summoned_vex":1,"minecraft:zombie":52,"enemyexpansion:vampire":2,"enemyexpansion:botfly":6,"minecraft:stray":3,"iceandfire:lightning_dragon":2,"cave_dweller:cave_dweller":1,"minecraft:cow":9,"irons_spellbooks:summoned_zombie":3,"minecraft:vindicator":1,"enemyexpansion:direwolf":3,"minecraft:phantom":4,"minecraft:drowned":1,"iceandfire:amphithere":1,"enemyexpansion:sprinter":1,"minecraft:ravager":1,"minecraft:squid":1,"iceandfire:ghost":5},"minecraft:picked_up":{"minecraft:iron_chestplate":5,"minecraft:chainmail_boots":1,"minecraft:stone_slab":22,"aether:iron_gloves":2,"minecraft:potion":1,"minecraft:acacia_pressure_plate":1,"minecraft:enchanted_book":2,"minecraft:brewing_stand":1,"minecraft:string":10,"minecraft:raw_copper":72,"minecraft:iron_leggings":5,"irons_spellbooks:arcane_essence":1,"minecraft:gold_nugget":2,"minecraft:cobbled_deepslate":963,"minecraft:spruce_planks":51,"dynamictrees:oak_seed":6,"minecraft:iron_pickaxe":2,"minecraft:melon_slice":86,"minecraft:coal_block":1,"irons_spellbooks:inscription_table":3,"minecraft:iron_boots":4,"minecraft:stick":176,"iceandfire:armor_copper_metal_leggings":1,"minecraft:torch":38,"minecraft:acacia_log":39,"minecraft:porkchop":1,"iceandfire:lightning_dragon_flesh":13,"iceandfire:crackled_gravel":5,"tombstone:grave_dust":26,"minecraft:diorite":362,"minecraft:golden_chestplate":1,"iceandfire:lightning_lily":1,"minecraft:stone_sword":1,"minecraft:rotten_flesh":64,"minecraft:stripped_birch_wood":7,"minecraft:obsidian":12,"minecraft:iron_bars":10,"minecraft:cobblestone":2542,"minecraft:birch_log":2,"minecraft:cooked_beef":6,"minecraft:andesite":104,"paraglider:spirit_orb":68,"minecraft:flint":5,"minecraft:tuff":109,"skilltree:gem":50,"minecraft:lapis_lazuli":64,"minecraft:dirt":1532,"editenchanting:enchantment_edit_table":1,"minecraft:leather_boots":1,"minecraft:bone":60,"minecraft:acacia_planks":29,"minecraft:bow":2,"minecraft:wheat_seeds":90,"minecraft:raw_gold":8,"minecraft:mossy_stone_bricks":3,"minecraft:glowstone_dust":68,"minecraft:oak_planks":24,"iceandfire:dragonscales_amythest":25,"iceandfire:amphithere_feather":4,"minecraft:chiseled_polished_blackstone":3,"irons_spellbooks:frozen_bone":15,"minecraft:stripped_acacia_wood":4,"minecraft:jungle_planks":5,"dynamictrees:acacia_seed":23,"minecraft:stripped_spruce_log":2,"minecraft:ink_sac":2,"iceandfire:lightning_dragon_heart":3,"minecraft:barrel":1,"minecraft:mossy_cobblestone":2,"minecraft:bundle":1,"minecraft:polished_andesite":1,"minecraft:diamond":40,"waystones:waystone":8,"minecraft:cracked_polished_blackstone_bricks":1,"minecraft:granite":80,"minecraft:bread":9,"minecraft:emerald":1,"minecraft:netherrack":815,"minecraft:crimson_roots":2,"iceandfire:raw_silver":7,"minecraft:diamond_pickaxe":2,"minecraft:end_stone_bricks":12,"iceandfire:dragon_skull_lightning":3,"minecraft:crafting_table":5,"minecraft:ladder":4,"minecraft:golden_pickaxe":2,"iceandfire:fire_lily":1,"fabledweaponry:scythe_stone":1,"minecraft:wooden_pickaxe":2,"minecraft:gold_block":7,"tombstone:scroll_of_preservation":1,"minecraft:shield":1,"minecraft:red_bed":1,"minecraft:iron_axe":2,"minecraft:quartz_slab":8,"minecraft:blackstone":5,"minecraft:cracked_stone_bricks":11,"paraglider:rito_goddess_statue":4,"minecraft:beef":18,"minecraft:spruce_slab":1,"minecraft:light_gray_wool":1,"iceandfire:dragonscales_electric":11,"minecraft:phantom_membrane":1,"minecraft:raw_iron":21,"iceandfire:dragonbone":29,"minecraft:polished_blackstone_bricks":7,"minecraft:cookie":5,"minecraft:carrot":1,"minecraft:redstone":10,"iceandfire:silver_ingot":18,"minecraft:arrow":61,"minecraft:pumpkin_pie":7,"minecraft:nether_bricks":1,"dynamictrees:crimson_seed":1,"minecraft:hay_block":36,"minecraft:saddle":1,"minecraft:mutton":3,"minecraft:bone_block":3,"minecraft:white_wool":7,"minecraft:golden_carrot":1,"minecraft:glow_ink_sac":1,"minecraft:salmon":4,"minecraft:leather":10,"minecraft:birch_planks":1,"minecraft:oak_log":87,"minecraft:chainmail_chestplate":2,"iceandfire:ectoplasm":1,"minecraft:golden_boots":1,"minecraft:gunpowder":4,"minecraft:cooked_mutton":14,"minecraft:red_carpet":1,"minecraft:apple":7,"minecraft:stone_bricks":10,"minecraft:iron_ingot":7,"minecraft:cobweb":10,"minecraft:polished_andesite_slab":1,"minecraft:iron_sword":3,"minecraft:book":20,"minecraft:polished_andesite_stairs":5,"iceandfire:copper_nugget":98,"minecraft:pumpkin":2,"minecraft:quartz":27,"minecraft:gravel":108,"minecraft:white_bed":1,"minecraft:crying_obsidian":4,"minecraft:spider_eye":3,"iceandfire:dragonscales_copper":7,"fabledweaponry:scythe_diamond":4,"minecraft:stone_axe":2,"minecraft:chainmail_leggings":3,"minecraft:diamond_axe":3,"minecraft:gray_wool":7,"minecraft:black_wool":1,"minecraft:stripped_dark_oak_log":2,"minecraft:coal":116,"minecraft:ender_pearl":1}},"DataVersion":3465}