{"stats":{"minecraft:killed_by":{"iceandfire:gorgon":2},"minecraft:mined":{"minecraft:dark_oak_planks":19,"minecraft:spruce_planks":5,"iceandfire:graveyard_soil":1,"minecraft:cobblestone_stairs":1,"paraglider:rito_goddess_statue":9,"minecraft:brewing_stand":1,"minecraft:obsidian":5,"minecraft:grass_block":18,"minecraft:coal_block":2,"minecraft:spawner":44,"minecraft:tall_seagrass":4,"minecraft:raw_iron_block":3,"minecraft:mossy_cobblestone_slab":1,"minecraft:glowstone":3,"minecraft:iron_ore":22,"minecraft:fire":14,"minecraft:barrel":1,"minecraft:pumpkin":1,"minecraft:dark_oak_stairs":1,"minecraft:spruce_slab":2,"minecraft:waxed_cut_copper_stairs":1,"minecraft:torch":2,"minecraft:blast_furnace":1,"minecraft:mossy_cobblestone_wall":1,"minecraft:polished_andesite_stairs":1,"minecraft:chest":1,"twilightforest:twilight_oak_log":1,"twilightforest:uncrafting_table":2,"minecraft:cobblestone":19,"minecraft:oak_planks":9,"minecraft:cyan_bed":3,"minecraft:sugar_cane":3,"minecraft:damaged_anvil":1,"minecraft:wall_torch":6,"minecraft:seagrass":1,"minecraft:white_terracotta":1,"minecraft:wither_rose":1,"minecraft:grass":22,"minecraft:dirt":39,"minecraft:cyan_candle":1,"iceandfire:lightning_lily":1,"minecraft:diamond_ore":28,"iceandfire:silver_ore":4,"twilightforest:dark_stairs":1,"minecraft:mossy_cobblestone":1,"minecraft:ladder":6,"minecraft:mangrove_trapdoor":2,"twilightforest:etched_nagastone":3,"dynamictrees:oak_leaves":1,"minecraft:furnace":1,"twilightforest:naga_trophy":1,"twilightforest:dark_planks":1,"minecraft:polished_deepslate":1,"minecraft:stone":136,"minecraft:stone_brick_slab":1,"minecraft:red_banner":1,"minecraft:dandelion":22,"minecraft:crafting_table":11,"minecraft:rose_bush":1,"minecraft:tall_grass":1,"minecraft:copper_ore":1,"minecraft:deepslate_coal_ore":1,"minecraft:lapis_ore":4,"minecraft:spruce_stairs":1,"minecraft:gray_wool":1,"minecraft:cobblestone_wall":1,"minecraft:gray_bed":4,"minecraft:white_wall_banner":1,"minecraft:coal_ore":35,"minecraft:cyan_carpet":1,"minecraft:cobweb":4,"minecraft:acacia_planks":1,"minecraft:stripped_acacia_wood":17,"minecraft:polished_andesite":1,"minecraft:fern":1,"paraglider:goddess_statue":7},"minecraft:used":{"minecraft:polished_deepslate":1,"minecraft:ladder":7,"minecraft:shield":85,"minecraft:iron_sword":56,"iceandfire:armor_copper_chestplate":1,"paraglider:goddess_statue":5,"minecraft:polished_andesite_stairs":1,"twilightforest:twilight_oak_planks":4,"minecraft:stone_bricks":20,"minecraft:bow":94,"minecraft:written_book":1,"minecraft:cooked_cod":8,"minecraft:gray_bed":5,"minecraft:egg":1,"twilightforest:naga_trophy":1,"minecraft:diamond_boots":1,"minecraft:stone_pickaxe":45,"minecraft:oak_planks":186,"twilightforest:uncrafting_table":2,"minecraft:wooden_pickaxe":3,"minecraft:diamond_axe":456,"minecraft:golden_apple":14,"minecraft:crossbow":1,"waystones:waystone":1,"minecraft:cyan_bed":2,"minecraft:bread":96,"tombstone:grave_key":2,"minecraft:polished_andesite_slab":2,"minecraft:chain":1,"minecraft:cobweb":22,"minecraft:flint_and_steel":36,"minecraft:spruce_planks":1,"minecraft:wooden_shovel":1,"minecraft:cooked_chicken":16,"minecraft:torch":236,"minecraft:dirt":67,"iceandfire:copper_sword":5,"minecraft:diamond_helmet":1,"minecraft:iron_hoe":1,"minecraft:stone_brick_slab":1,"minecraft:wooden_axe":11,"minecraft:dark_oak_planks":36,"minecraft:totem_of_undying":1,"minecraft:diamond_chestplate":1,"paraglider:rito_goddess_statue":8,"minecraft:golden_carrot":16,"minecraft:goat_horn":1,"tombstone:gift":6,"minecraft:cooked_beef":8,"minecraft:acacia_planks":11,"minecraft:pumpkin":1,"minecraft:water_bucket":18,"minecraft:cyan_candle":3,"minecraft:crafting_table":15,"minecraft:cake":1,"iceandfire:armor_silver_metal_chestplate":1,"minecraft:diamond_pickaxe":328,"minecraft:diamond_shovel":19,"twilightforest:naga_leggings":1,"minecraft:leather_helmet":1,"minecraft:stone_axe":24,"minecraft:cobblestone":112,"minecraft:potion":2,"fabledweaponry:scythe_diamond":9,"minecraft:cooked_porkchop":5,"minecraft:porkchop":1,"minecraft:bucket":19,"minecraft:pumpkin_pie":11,"minecraft:splash_potion":1,"minecraft:dandelion":22,"iceandfire:armor_copper_leggings":1,"minecraft:diamond_leggings":1},"minecraft:crafted":{"minecraft:oak_planks":392,"minecraft:cooked_chicken":1,"sophisticatedbackpacks:crafting_upgrade":1,"sophisticatedbackpacks:smelting_upgrade":1,"minecraft:diamond_helmet":2,"minecraft:chest":1,"twilightforest:naga_leggings":1,"twilightforest:magic_map_focus":1,"minecraft:wooden_shovel":2,"sophisticatedbackpacks:backpack":1,"minecraft:diamond_axe":1,"minecraft:crafting_table":5,"minecraft:wooden_pickaxe":1,"minecraft:copper_ingot":2,"iceandfire:armor_copper_leggings":1,"iceandfire:armor_copper_chestplate":1,"minecraft:diamond_pickaxe":1,"minecraft:shield":1,"sophisticatedbackpacks:diamond_backpack":1,"minecraft:stick":40,"minecraft:iron_ingot":7,"minecraft:raw_iron":27,"minecraft:coal":18,"minecraft:diamond_hoe":2,"iceandfire:dragon_stick":1,"fabledweaponry:scythe_diamond":2,"irons_spellbooks:graybeard_staff":1,"minecraft:diamond_block":1,"twilightforest:twilight_oak_planks":4,"minecraft:stone_pickaxe":1,"minecraft:diamond_boots":2,"minecraft:dark_oak_planks":4,"sophisticatedbackpacks:iron_backpack":1,"sophisticatedbackpacks:gold_backpack":1,"minecraft:bucket":1,"minecraft:stone_axe":1,"minecraft:air":0,"minecraft:acacia_planks":44,"minecraft:torch":208,"twilightforest:magic_map":1,"minecraft:diamond_chestplate":2},"minecraft:custom":{"minecraft:interact_with_crafting_table":40,"minecraft:open_barrel":69,"minecraft:eat_cake_slice":3,"minecraft:leave_game":3,"minecraft:time_since_death":30141,"minecraft:sprint_one_cm":763117,"minecraft:damage_blocked_by_shield":2020,"minecraft:drop":180,"minecraft:play_noteblock":1,"minecraft:play_time":273294,"minecraft:deaths":22,"minecraft:jump":6866,"minecraft:interact_with_brewingstand":1,"minecraft:walk_on_water_one_cm":25221,"minecraft:interact_with_furnace":8,"twilightforest:uncrafting_table_interactions":11,"minecraft:sleep_in_bed":8,"minecraft:waystone_activated":2,"minecraft:damage_dealt":32178,"minecraft:crouch_one_cm":24071,"tombstone:undead_killed":81,"minecraft:mob_kills":132,"minecraft:damage_dealt_resisted":139,"minecraft:climb_one_cm":12310,"minecraft:walk_one_cm":447771,"twilightforest:keeping_charms_activated":1,"minecraft:damage_dealt_absorbed":233,"minecraft:sneak_time":8869,"minecraft:walk_under_water_one_cm":35020,"minecraft:interact_with_blast_furnace":14,"minecraft:total_world_time":273294,"tombstone:raider_killed":2,"minecraft:tune_noteblock":2,"minecraft:time_since_rest":27742,"minecraft:damage_taken":2147483647,"minecraft:damage_absorbed":1810,"minecraft:trigger_trapped_chest":2,"minecraft:swim_one_cm":114621,"minecraft:fly_one_cm":3522678,"minecraft:open_chest":72,"minecraft:fall_one_cm":221891},"minecraft:dropped":{"twilightforest:nagastone":1,"minecraft:iron_sword":1,"iceandfire:raw_silver":3,"minecraft:diamond_axe":1,"minecraft:glass_bottle":4,"minecraft:diamond":3,"minecraft:crossbow":1,"minecraft:rooted_dirt":2,"minecraft:jungle_planks":1,"minecraft:cracked_stone_bricks":1,"minecraft:mossy_cobblestone_wall":1,"minecraft:leather_helmet":2,"minecraft:cobblestone_stairs":1,"minecraft:dirt":21,"twilightforest:transformation_powder":5,"minecraft:chain":2,"minecraft:gold_nugget":16,"minecraft:iron_pickaxe":3,"minecraft:cyan_carpet":1,"minecraft:bone":8,"minecraft:stone_axe":1,"minecraft:waxed_cut_copper_stairs":1,"minecraft:goat_horn":2,"dynamictrees:oak_seed":3,"minecraft:golden_chestplate":1,"minecraft:wheat":3,"minecraft:obsidian":8,"minecraft:stripped_dark_oak_log":1,"paraglider:goddess_statue":2,"minecraft:rotten_flesh":46,"minecraft:oak_planks":355,"iceandfire:crackled_gravel":1,"minecraft:chainmail_chestplate":3,"twilightforest:dark_stairs":1,"minecraft:gunpowder":2,"twilightforest:cracked_nagastone_pillar":4,"minecraft:leather_boots":2,"minecraft:chainmail_boots":1,"minecraft:spruce_slab":3,"fabledweaponry:scythe_diamond":1,"minecraft:enchanted_book":2,"minecraft:iron_ingot":1,"minecraft:wheat_seeds":3,"minecraft:mangrove_trapdoor":2,"twilightforest:filled_magic_map":1,"minecraft:cobblestone":54,"twilightforest:etched_nagastone":8,"minecraft:spruce_stairs":2,"minecraft:polished_andesite":3,"minecraft:stick":64,"minecraft:oxeye_daisy":1,"minecraft:mossy_cobblestone_slab":2,"minecraft:torch":32,"twilightforest:spiral_bricks":5,"iceandfire:lightning_lily":2,"minecraft:wooden_axe":1,"minecraft:rose_bush":1,"skilltree:gem":28,"minecraft:diamond_helmet":3,"iceandfire:armor_silver_metal_chestplate":1,"tombstone:grave_dust":5,"minecraft:iron_leggings":1,"minecraft:iron_axe":2,"sophisticatedbackpacks:crafting_upgrade":2,"minecraft:acacia_planks":20,"minecraft:stone_sword":1,"minecraft:raw_copper":14,"minecraft:smooth_stone_slab":3,"minecraft:iron_boots":1,"minecraft:flint_and_steel":2,"minecraft:cobblestone_slab":1,"twilightforest:mossy_etched_nagastone":2,"minecraft:potato":1,"minecraft:shield":1,"aether:iron_gloves":1,"minecraft:diamond_chestplate":3,"minecraft:bundle":1,"minecraft:spruce_planks":2,"minecraft:iron_chestplate":1,"iceandfire:silver_ingot":3,"minecraft:wooden_shovel":1,"minecraft:spider_eye":2,"minecraft:stone_bricks":6,"minecraft:diamond_boots":2,"minecraft:bow":3,"minecraft:stone_pickaxe":2,"minecraft:wooden_pickaxe":2},"minecraft:broken":{"aether:golden_gloves":1,"iceandfire:armor_copper_leggings":1,"minecraft:diamond_helmet":1,"minecraft:diamond_boots":1,"minecraft:diamond_chestplate":1,"iceandfire:armor_copper_chestplate":1,"twilightforest:ore_magnet":1,"minecraft:diamond_leggings":1,"aether:iron_gloves":1},"minecraft:killed":{"twilightforest:hostile_wolf":4,"minecraft:witch":1,"minecraft:spider":1,"minecraft:skeleton":18,"twilightforest:slime_beetle":1,"minecraft:pig":3,"twilightforest:raven":3,"twilightforest:skeleton_druid":7,"minecraft:sheep":1,"twilightforest:redcap":4,"minecraft:pillager":1,"enemyexpansion:meature":1,"minecraft:zombie":28,"enemyexpansion:botfly":4,"iceandfire:lightning_dragon":1,"minecraft:cow":5,"twilightforest:deer":1,"twilightforest:swarm_spider":8,"twilightforest:hedge_spider":1,"minecraft:drowned":2,"minecraft:husk":20,"twilightforest:kobold":2,"twilightforest:redcap_sapper":1,"enemyexpansion:sprinter":2,"minecraft:hoglin":1,"iceandfire:ghost":3},"minecraft:picked_up":{"minecraft:wooden_axe":1,"minecraft:birch_door":1,"minecraft:wheat":3,"minecraft:chainmail_boots":1,"twilightforest:naga_trophy":1,"minecraft:enchanted_book":3,"minecraft:wither_rose":1,"minecraft:potion":4,"minecraft:brewing_stand":1,"paraglider:goddess_statue":8,"minecraft:string":36,"iceandfire:armor_silver_metal_chestplate":1,"minecraft:polished_deepslate":1,"iceandfire:manuscript":7,"minecraft:raw_copper":14,"minecraft:smooth_stone_slab":3,"minecraft:iron_leggings":1,"irons_spellbooks:arcane_essence":8,"minecraft:diamond_leggings":1,"minecraft:gold_nugget":10,"minecraft:spruce_planks":7,"minecraft:cobblestone_slab":1,"minecraft:rose_bush":1,"minecraft:written_book":1,"dynamictrees:oak_seed":3,"minecraft:iron_pickaxe":2,"minecraft:coal_block":2,"minecraft:furnace":2,"minecraft:stick":104,"minecraft:torch":36,"minecraft:acacia_log":9,"minecraft:spruce_stairs":2,"iceandfire:lightning_dragon_flesh":4,"iceandfire:crackled_gravel":1,"tombstone:grave_dust":16,"minecraft:golden_chestplate":1,"minecraft:goat_horn":2,"twilightforest:dark_stairs":1,"minecraft:waxed_cut_copper_stairs":1,"iceandfire:lightning_lily":2,"minecraft:stone_sword":1,"minecraft:rotten_flesh":45,"minecraft:obsidian":16,"minecraft:cobblestone":200,"minecraft:mossy_cobblestone_slab":2,"minecraft:cooked_beef":5,"twilightforest:twilight_oak_log":1,"minecraft:potato":1,"paraglider:spirit_orb":88,"minecraft:lapis_lazuli":20,"skilltree:gem":31,"minecraft:dirt":91,"minecraft:leather_boots":2,"minecraft:bone":34,"minecraft:acacia_planks":20,"minecraft:bow":3,"minecraft:wheat_seeds":4,"minecraft:dark_oak_sign":2,"minecraft:diamond_helmet":1,"minecraft:cyan_candle":3,"minecraft:glowstone_dust":9,"minecraft:oak_planks":197,"minecraft:cooked_porkchop":4,"minecraft:stripped_acacia_wood":18,"minecraft:jungle_planks":1,"minecraft:cyan_bed":2,"iceandfire:lightning_dragon_heart":1,"minecraft:diamond_block":1,"twilightforest:mossy_etched_nagastone":2,"minecraft:bundle":3,"minecraft:iron_hoe":1,"minecraft:polished_andesite":3,"minecraft:sugar":1,"minecraft:diamond":59,"waystones:waystone":1,"minecraft:crossbow":1,"minecraft:golden_apple":7,"minecraft:bread":1,"minecraft:rooted_dirt":2,"twilightforest:uncrafting_table":2,"twilightforest:torchberries":12,"iceandfire:raw_silver":7,"iceandfire:dragon_skull_lightning":2,"minecraft:crafting_table":12,"iceandfire:witherbone":2,"minecraft:splash_potion":1,"minecraft:ladder":7,"minecraft:nether_wart":1,"minecraft:wooden_pickaxe":1,"twilightforest:nagastone":1,"minecraft:chain":3,"minecraft:iron_axe":2,"minecraft:flint_and_steel":3,"twilightforest:filled_magic_map":1,"minecraft:cyan_carpet":1,"minecraft:cracked_stone_bricks":1,"paraglider:rito_goddess_statue":9,"minecraft:mossy_cobblestone_wall":1,"minecraft:beef":6,"minecraft:spruce_slab":3,"minecraft:sugar_cane":4,"minecraft:chest":1,"minecraft:egg":1,"minecraft:raw_iron":26,"iceandfire:dragonbone":23,"sophisticatedbackpacks:crafting_upgrade":3,"minecraft:mangrove_sign":1,"minecraft:redstone":38,"minecraft:mangrove_trapdoor":2,"minecraft:dark_oak_planks":41,"irons_spellbooks:evocation_rune":1,"iceandfire:silver_ingot":3,"minecraft:arrow":19,"minecraft:diamond_chestplate":3,"twilightforest:etched_nagastone":8,"minecraft:diamond_boots":1,"tombstone:essence_of_undeath":1,"minecraft:glistering_melon_slice":17,"minecraft:gold_ingot":9,"minecraft:leather":13,"minecraft:oak_log":98,"minecraft:chainmail_chestplate":3,"iceandfire:ectoplasm":2,"minecraft:gunpowder":3,"minecraft:cobblestone_stairs":1,"tombstone:voodoo_poppet":1,"minecraft:paper":11,"minecraft:white_banner":1,"sophisticatedbackpacks:upgrade_base":2,"minecraft:stone_bricks":26,"minecraft:iron_ingot":1,"minecraft:stone_pickaxe":1,"minecraft:cobweb":1,"twilightforest:transformation_powder":5,"minecraft:glass_bottle":2,"minecraft:polished_andesite_slab":2,"minecraft:gray_bed":5,"minecraft:iron_sword":1,"minecraft:book":1,"minecraft:polished_andesite_stairs":1,"minecraft:pumpkin":1,"minecraft:stone_brick_slab":2,"minecraft:dandelion":22,"minecraft:raw_iron_block":3,"minecraft:red_banner":1,"twilightforest:cracked_nagastone_pillar":4,"minecraft:blast_furnace":1,"minecraft:spider_eye":2,"minecraft:leather_helmet":1,"iceandfire:dragonscales_copper":16,"minecraft:stone_axe":1,"minecraft:rib_armor_trim_smithing_template":1,"twilightforest:raven_feather":3,"minecraft:diamond_axe":4,"twilightforest:spiral_bricks":5,"tombstone:magic_scroll":3,"minecraft:damaged_anvil":1,"minecraft:stripped_dark_oak_log":1,"minecraft:coal":39,"minecraft:ender_pearl":2}},"DataVersion":3465}